<?xml version="1.0" encoding="UTF-8" standalone="no" ?><CAERep ObjId="38" Type="CAERep" Ver="2"><AnswerSetID PropType="unsigned int">21</AnswerSetID><DSEnvironmentID PropType="int">20</DSEnvironmentID><Goal PropType="string">RunSolver</Goal><HasBetaKeyOn PropType="bool">false</HasBetaKeyOn><InProcess PropType="bool">true</InProcess><LastDatabaseId PropType="unsigned int">61</LastDatabaseId><NumProcessorsForPost PropType="int">0</NumProcessorsForPost><PID_Legacy_Solve PropType="int">0</PID_Legacy_Solve><PartialCode PropType="int">1</PartialCode><ProductVersion PropType="string">18.1 RELEASE</ProductVersion><ProductVersionForSec PropType="string">18.1</ProductVersionForSec><ProjectName PropType="string">unsaved_project--Static Structural (A5)</ProjectName><ReturnCode PropType="int">1</ReturnCode><SolveInvokedFromAddin PropType="int">0</SolveInvokedFromAddin><SysvarMap PropType="map&lt;string,string>"><Entry key="DSSolver ProgId">AMKSolver.AMKSolver.181</Entry></SysvarMap><EngineeringRep ObjId="39" Type="EngineeringRep" Ver="2"><BCRep ObjId="42" Type="BCRep" Ver="2"><StepEndTimes PropType="vector&lt;double>" UCat="Time" Unt="s">    1</StepEndTimes><NormalPressure ObjId="31" Type="NormalPressure" Ver="2"><Caption PropType="string">Pressure</Caption><LoadAppliedBy PropType="unsigned int">0</LoadAppliedBy><Scoping PropType="vector&lt;string>">32</Scoping><LoadStep ObjId="57" Type="LoadStep" Ver="2"><ActiveBitmask PropType="vector&lt;int>">7</ActiveBitmask><IsActive PropType="vector&lt;bool>">true</IsActive><Number PropType="vector&lt;int>"/></LoadStep><Magnitude ObjId="58" Type="Table" Ver="2"><StepNumber PropType="vector&lt;int>">1,1</StepNumber><Time PropType="vector&lt;double>" UCat="Time" Unt="s">    0,    1</Time><Values PropType="vector&lt;double>" UCat="Pressure" Unt="slinch s^-2 in^-1">    0,-999.999999864636</Values></Magnitude></NormalPressure><FrictionlessSupport ObjId="29" Type="Support" Ver="2"><Caption PropType="string">Frictionless Support</Caption><Scoping PropType="vector&lt;string>">30</Scoping><Type PropType="string"/></FrictionlessSupport></BCRep><GeometryAttributes ObjId="40" Type="GeometryAttributes" Ver="2"><AssemblyAttributes ObjId="41" Type="AssemblyAttributes" Ver="2"><ElementOptionControl PropType="string">ProgramControlled</ElementOptionControl><GeometrySource PropType="string">C:\Users\Yash Pathade\AppData\Local\Temp\WB_DESKTOP-1LNP6VK_Yash Pathade_11516_2\unsaved_project_files\dp0\SYS\DM\SYS.agdb</GeometrySource><Is2DAnalysis PropType="bool">true</Is2DAnalysis><Model2dBehavior PropType="string">AxiSymmetric</Model2dBehavior><PartAttributes ObjId="15" Type="PartAttributes" Ver="2"><Caption PropType="string">Surface Body Bodies</Caption><Mass PropType="double" UCat="Mass" Unt="slinch">    0</Mass><PartId PropType="unsigned int">3</PartId><BodyAttributes ObjId="16" Type="BodyAttributes" Ver="2"><AreNonLinearEffectsOn PropType="bool">true</AreNonLinearEffectsOn><BoundingBoxDiagonal PropType="double" UCat="Length" Unt="in">9.848857615758679</BoundingBoxDiagonal><Caption PropType="string">Surface Body</Caption><ElementCoordSysId PropType="unsigned int">19</ElementCoordSysId><GeometryType PropType="string">Sheet</GeometryType><Mass PropType="double" UCat="Mass" Unt="slinch">    0</Mass><ProtoReferenceId PropType="unsigned int">11</ProtoReferenceId><StiffnessBehavior PropType="string">Deformable</StiffnessBehavior><ThermalStrainCalculation PropType="bool">true</ThermalStrainCalculation><MassMomentOfInertia ObjId="48" Type="MassMomentOfInertia" Ver="2"><Ixx PropType="double" UCat="MomentInertiaMass" Unt="slinch in^2">0.08586406242310288</Ixx><Iyy PropType="double" UCat="MomentInertiaMass" Unt="slinch in^2">0.01664513170236452</Iyy><Izz PropType="double" UCat="MomentInertiaMass" Unt="slinch in^2">0.1025091941254674</Izz></MassMomentOfInertia><MaterialRep ObjId="47" Type="MaterialRep" Ver="2"><MaterialName PropType="string">Structural Steel</MaterialName><ReferenceTemperature PropType="double" UCat="Temperature" Unt="Celsius">   22</ReferenceTemperature><UnitSystem PropType="int">0</UnitSystem><UseReferenceTemperature PropType="bool">false</UseReferenceTemperature></MaterialRep></BodyAttributes><MassMomentOfInertia ObjId="50" Type="MassMomentOfInertia" Ver="2"><Ixx PropType="double" UCat="MomentInertiaMass" Unt="slinch in^2">0.08586406242310288</Ixx><Iyy PropType="double" UCat="MomentInertiaMass" Unt="slinch in^2">0.01664513170236452</Iyy><Izz PropType="double" UCat="MomentInertiaMass" Unt="slinch in^2">0.1025091941254674</Izz><CoordinateSystemRep ObjId="51" Type="CoordinateSystemRep" Ver="3"><Caption PropType="string">Undefined</Caption><CoordSystemIndex PropType="unsigned int">0</CoordSystemIndex><IsGlobal PropType="bool">false</IsGlobal><Param1 PropType="double">    1</Param1><Param2 PropType="double">    1</Param2><Singularity1 PropType="int">0</Singularity1><Singularity2 PropType="int">0</Singularity2><SolverCoordNumber PropType="unsigned int">0</SolverCoordNumber><Type PropType="string">Cartesian</Type><Matrix3X3 ObjId="52" Type="Matrix3X3" Ver="2"><IsOrthogonal PropType="bool">false</IsOrthogonal><Row0 PropType="vector&lt;double>">0.9582380869299759,0.2859716222928069,    0</Row0><Row1 PropType="vector&lt;double>">-0.2859716222928069,0.9582380869299759,    0</Row1><Row2 PropType="vector&lt;double>">    0,    0,    1</Row2></Matrix3X3><Point3D ObjId="53" Type="Point3D" Ver="3"><Coordinates PropType="vector&lt;double>" UCat="Length" Unt="in">1.638571908205405,3.083275988743282,    0</Coordinates></Point3D></CoordinateSystemRep></MassMomentOfInertia><Centroid ObjId="49" Type="Point3D" Ver="3"><Coordinates PropType="vector&lt;double>" UCat="Length" Unt="in">1.638571908205405,3.083275988743282,    0</Coordinates></Centroid></PartAttributes></AssemblyAttributes></GeometryAttributes><ServiceRep ObjId="43" Type="ServiceRep" Ver="2"><CoordinateSystemRep ObjId="19" Type="CoordinateSystemRep" Ver="3"><Caption PropType="string">Global Coordinate System</Caption><CoordSystemIndex PropType="unsigned int">0</CoordSystemIndex><IsGlobal PropType="bool">true</IsGlobal><Param1 PropType="double">    1</Param1><Param2 PropType="double">    1</Param2><Singularity1 PropType="int">0</Singularity1><Singularity2 PropType="int">0</Singularity2><SolverCoordNumber PropType="int">0</SolverCoordNumber><Type PropType="string">Cartesian</Type><Matrix3X3 ObjId="54" Type="Matrix3X3" Ver="2"><IsOrthogonal PropType="bool">false</IsOrthogonal><Row0 PropType="vector&lt;double>">    1,    0,    0</Row0><Row1 PropType="vector&lt;double>">    0,    1,    0</Row1><Row2 PropType="vector&lt;double>">    0,    0,    1</Row2></Matrix3X3><Point3D ObjId="55" Type="Point3D" Ver="3"><Coordinates PropType="vector&lt;double>" UCat="Length" Unt="in">    0,    0,    0</Coordinates></Point3D></CoordinateSystemRep><ReferenceDataRep ObjId="56" Type="ReferenceDataRep" Ver="2"><BodyId PropType="vector&lt;unsigned int>">11,11,11</BodyId><PartId PropType="vector&lt;unsigned int>">3,3,3</PartId><RefId PropType="vector&lt;unsigned int>">1,3,4</RefId><RefType PropType="vector&lt;unsigned int>">2097152,49152,49152</RefType><RefValue PropType="vector&lt;unsigned int>">11,5,10</RefValue><Scoping PropType="vector&lt;string>">17,30,32</Scoping><Type PropType="vector&lt;unsigned int>">1,1,1</Type><UBID PropType="vector&lt;unsigned int>">16,16,16</UBID><UPID PropType="vector&lt;unsigned int>">15,15,15</UPID></ReferenceDataRep></ServiceRep></EngineeringRep><GeometryRep ObjId="46" Type="GeometryRep" Ver="2"><ActiveAssembly PropType="unsigned int">1</ActiveAssembly><PartsAssembly PropType="string">0000000000834128</PartsAssembly><Units PropType="string">m</Units></GeometryRep><MaterialLibraryRep ObjId="45" Type="MaterialLibraryRep" Ver="2"><FileName PropType="string">MatML.xml</FileName></MaterialLibraryRep><MeshRep ObjId="44" Type="MeshRep" Ver="2"><AssemblyMesh PropType="string">000000002AA9D3D8</AssemblyMesh><Configuration PropType="unsigned int">27</Configuration><IndependentMesh PropType="string">IndependentMesh.bin</IndependentMesh><RigidBodyBehavior PropType="string">DimensionallyReduced</RigidBodyBehavior><Units PropType="string">m</Units></MeshRep><SolverRep ObjId="59" Type="SolverRep" Ver="2"><AnalysisType PropType="string">Static</AnalysisType><PhysicsType PropType="string">Mechanical</PhysicsType><SolverTargetName PropType="string">ANSYS</SolverTargetName><SolverThreadCommunicationPointerId PropType="string">0000000007348850</SolverThreadCommunicationPointerId><SolverUnits PropType="int">8</SolverUnits><UnknownPointerId PropType="string">0000000002BFE0B0</UnknownPointerId><FEConnectorsRep ObjId="22" Type="FEConnectorsRep" Ver="2"><StepSelection PropType="int">0</StepSelection></FEConnectorsRep><FileManagementRep ObjId="61" Type="FileManagementRep" Ver="2"><SolverFileDirectory PropType="string"/><SolverFileRelativeDirectory PropType="string"/></FileManagementRep><ProcessControls ObjId="60" Type="ProcessControls" Ver="2"><DistributedSolve PropType="bool">true</DistributedSolve><IsLocal PropType="bool">true</IsLocal><IsRSMSolve PropType="bool">false</IsRSMSolve><ManualMemorySettings PropType="bool">false</ManualMemorySettings><MaxProcessors PropType="int">2</MaxProcessors></ProcessControls><AnalysisSettings CAEType="extObj"><StaticMechanicalSettings version="1.0"><StepControls version="1.0"><EndTime>1.</EndTime><TimeStepOptions version="1.0"><AutoTimeSteppingType>ProgramControlled</AutoTimeSteppingType></TimeStepOptions><NonlinearControls version="1.0"><Force><ProgramControlled/></Force><Moment><ProgramControlled/></Moment><Rotation><ProgramControlled/></Rotation><Displacement><ProgramControlled/></Displacement><LineSearch>ProgramControlled</LineSearch><StabilizationControls><StabilizationControls version="1.0"><Controls>Off</Controls><Method>Energy</Method><EnergyDissipationRatio>1.e-004</EnergyDissipationRatio><DampingFactor>0.</DampingFactor><FirstSubstepOption>No</FirstSubstepOption><ForceLimit>0.2</ForceLimit></StabilizationControls></StabilizationControls></NonlinearControls><OutputControls version="1.0"><Stress>true</Stress><Strain>true</Strain><Contact>false</Contact><TimePointsOptions>All</TimePointsOptions><MaxNumberofResultSets>1000</MaxNumberofResultSets><GeneralMisc>false</GeneralMisc><CalculateFracture>false</CalculateFracture><ResultSetsType>Auto</ResultSetsType><CacheResultsInMemoryType>Never</CacheResultsInMemoryType><StoreModalResult>ProgramControlled</StoreModalResult><ExpandResultFrom>ProgramControlled</ExpandResultFrom><ProgControlledExpansion>Unknown</ProgControlledExpansion><NodalForcesType>No</NodalForcesType><CalculateParticipationFactorResult>ProgramControlled</CalculateParticipationFactorResult><CombineResultFiles>ProgramControlled</CombineResultFiles><TimePointsOptions>All</TimePointsOptions><ResultSets></ResultSets></OutputControls><CreepControls version="1.0"><CreepActivation/><CreepLimitRatio>1.</CreepLimitRatio></CreepControls><NonlinearAdaptivityControls version="3.0"><NLADHasMesh>0.</NLADHasMesh><NLADNumSculptedLayers>2.</NLADNumSculptedLayers><NLADBoundaryAngle>15.</NLADBoundaryAngle><NLADRemeshingGradient>2.</NLADRemeshingGradient><NLADGlobalSizeRatio>1.</NLADGlobalSizeRatio><NLADEdgeSplitAngle>10.</NLADEdgeSplitAngle><NLADLocalSizeRatio>1.</NLADLocalSizeRatio></NonlinearAdaptivityControls><InertialRelief>false</InertialRelief><LoadCaseIdentifier></LoadCaseIdentifier></StepControls><SolverControls version="1.0"><SolverType><ProgramControlled/></SolverType><UseLargeDeformation>false</UseLargeDeformation><WeakSprings><Off/></WeakSprings><FractureSolution>true</FractureSolution><NewtonRaphsonType><ProgramControlled/></NewtonRaphsonType><SolverPivotChecking>ProgramControlled</SolverPivotChecking></SolverControls><SolverFileControls version="1.0"><SolverEngineType>ANSYS</SolverEngineType><SolverUnits>8</SolverUnits><SolverFilesDirectory>C:\Users\Yash Pathade\AppData\Local\Temp\WB_DESKTOP-1LNP6VK_Yash Pathade_11516_2\unsaved_project_files\dp0\SYS-1\MECH\</SolverFilesDirectory><SolverJobname>file</SolverJobname><ScratchSolverFilesDirectory>C:\Users\Yash Pathade\AppData\Local\Temp\WB_DESKTOP-1LNP6VK_Yash Pathade_11516_2\_ProjectScratch\ScrB48A\</ScratchSolverFilesDirectory><AdditionalList></AdditionalList><SaveANSYSDB>false</SaveANSYSDB><DeleteUnusedFiles>true</DeleteUnusedFiles><ResultFile>file.rst</ResultFile><NonlinearSolution>false</NonlinearSolution></SolverFileControls><RestartAnalysis version="1.0"><RestartType>ProgramControlled</RestartType><RestartAction>ContinueAnalysis</RestartAction><RestartAtLoadStep>0</RestartAtLoadStep><RestartAtSubstep>0</RestartAtSubstep><RestartAtTime>0.000000000000000</RestartAtTime><EndStepTime>0.000000000000000</EndStepTime><ModifiedLoads></ModifiedLoads></RestartAnalysis><RestartControls version="1.0"><Controls>ProgramControlled</Controls><SaveAtLoadStep>None</SaveAtLoadStep><SaveAtSubstep>None</SaveAtSubstep><SaveSubstepFrequency>1</SaveSubstepFrequency><SaveMaximumFiles>0</SaveMaximumFiles><RetainFiles>No</RetainFiles><CombineMultiFrames>ProgramControlled</CombineMultiFrames></RestartControls><FractureControls version="1.0"><FractureSolverControls><CalculateMaterialForce>false</CalculateMaterialForce><CalculateTStress>false</CalculateTStress></FractureSolverControls></FractureControls><RotordynamicsControls version="1.0"><CoriolisEffect>No</CoriolisEffect><ReferenceFrameStationary>Stationary</ReferenceFrameStationary><RotatingDampingEffect>No</RotatingDampingEffect><CampbellDiagram>No</CampbellDiagram><Sorting>Yes</Sorting><ModalNumberofPoints>2</ModalNumberofPoints><ModeReuse>ProgramControlled</ModeReuse></RotordynamicsControls></StaticMechanicalSettings></AnalysisSettings></SolverRep></CAERep>